#,Nombre,Comuna,Rating,Resenas,Telefono,Direccion,Instagram,Categoria
1,Multiservicios KSA Tokio,Recoleta,5.0,87,9 4109 0833,,ksatokio_multiservicios.cl,Servicio de lavado de coches
2,LAVAMAS,La Granja,5.0,24,9 7906 6148,"Aragones 1 Ote., Poniente 1064",lavamas2.0,Servicio de lavado de coches
3,AUTO LAVADO SJ,Maipú,5.0,23,9 6346 6270,,,Autoservicio de lavado de autos
4,WashPro,San Joaquín,5.0,12,9 8465 8025,Buzo Sobenes 4341,wash.pro.cl,Servicio de lavado de coches
5,Almao CarWash,Independencia,5.0,6,9 3254 4532,Rouget de Lisle 1029,,Servicio de lavado de coches
6,Sirius Car Wash,Talagante,5.0,6,9 6854 4323,Av. Tala Canta Ilabe,sirius_carwash,Servicio de lavado de coches
7,"LAVADO DE AUTOS, AC MOTOS SPA",San Joaquín,5.0,6,9 8169 7612,Eduardo Matte 1998,,Servicio de lavado de coches
8,Lucarwash,San Joaquín,5.0,6,,Chiloé 4296,,Servicio de lavado de coches
9,Turbolavado R y N,Pudahuel,5.0,6,9 6416 3835,Cam. A Rinconada 1136,turbolavado_ryn,Servicio de lavado de coches
10,AutolimpioColombia.cl,Quinta Normal,5.0,5,9 6467 6726,,,Servicio de lavado de coches
11,Lavado las paisas,Quinta Normal,5.0,5,9 5091 2162,Hoevel 4858,,Servicio de lavado de coches
12,JISAN AUTO SPA,Lo Barnechea,5.0,4,9 3768 3665,"Ubicados en el Interior del estacionamiento - Monjitas 559, estacionamiento, Monjitas, Piso 1",,Servicio de limpieza de automóviles
13,Auto lavado tasss loco ramon,Cerro Navia,5.0,4,9 3730 4823,Ramón Ángel Jara 1777,,Autoservicio de lavado de autos
14,Club 34 Motorsport,San Joaquín,5.0,3,9 3451 1496,Av. Departamental 34,,Servicio de lavado de coches
15,Lavadossaik,Melipilla,5.0,3,9 3586 6950,Cerrado,,Autoservicio de lavado de autos
16,Delux Simunizado,Macul,5.0,2,9 3286 7086,Los Vilos 6825,,Servicio de lavado de coches
17,Autolavado J&J,San Joaquín,5.0,2,9 5953 2925,Pje. Benozzo Gozzoli 4950,,Autoservicio de lavado de autos
18,TOWERS CAR,Recoleta,5.0,2,9 6101 7751,"Av. Américo Vespucio 1155, Loc h9p",,Servicio de lavado de coches
19,Carwash Wallo,San Joaquín,5.0,2,9 6291 8087,Juan Sebastián Bach 279,,Servicio de lavado de coches
20,KJ servicios spa,Recoleta,5.0,2,,Av. Einstein 527,,Servicio de lavado de coches
21,Soyseco SpA,Buin,5.0,2,9 5949 3213,Raul Gajardo Gajardo 884,,Servicio de lavado de coches
22,Puntoexacto,Ñuñoa,5.0,2,9 2048 2557,San Eugenio 988,,Servicio de lavado de coches
23,Lavado de auto los morros,El Bosque,5.0,2,,Av. Padre Hurtado 12941,,Servicio de lavado de coches
24,Lavado de auto Virgen de la Puerta,Buin,5.0,2,9 7782 1144,Manuel Bulnes 37,,Servicio de lavado de coches
25,Lavado los guevara,San Joaquín,5.0,1,,San Nicolás 347,,Servicio de lavado de coches
26,Bastycar,San Joaquín,5.0,1,,Av. Salesianos 162,,Servicio de lavado de coches
27,Carwash Service lavado de autos,La Granja,5.0,1,9 4531 8628,Lota 7810,,Servicio de lavado de coches
28,Studio Detailing,Conchalí,5.0,1,9 9519 7869,Avenida Padre Hurtado Norte Vitacura,,Servicio de lavado de coches
29,7trebol spa carwas,Melipilla,5.0,1,9 8178 7461,Pardo 661,,Servicio de lavado de coches
30,Lavado de Auto @frank,Talagante,5.0,1,9 4669 4241,"1 Poniente, parcela 4",,Servicio de lavado de coches
31,Superwash,Las Condes,5.0,1,,Av. 5 de Abril 4851,reel,Servicio de lavado de coches
32,Josscar,Conchalí,5.0,1,,Av. Independencia 4276,,Autoservicio de lavado de autos
33,Lavado car A.R,San Bernardo,5.0,1,,Carlos Condell 1068,,Servicio de lavado de coches
34,VAPORCARE,Paine,5.0,1,9 6902 8694,"Región Metropolitana CL, Dieciocho de Septiembre 6580",,Servicio de lavado de coches
35,Carwash chocalan g60,Melipilla,5.0,1,9 8532 4077,Abierto,,Servicio de lavado de coches
36,MAC WASH,Melipilla,5.0,1,,,,Servicio de lavado de coches
37,System X chile ceramic protection,Paine,4.9,113,9 5650 9363,Av. Manquehue Sur 1795,,Servicio de lavado de coches
38,F-Stack Pro Detailing,Lo Barnechea,4.9,39,9 7146 9232,C. Barcelona 1044,,Servicio de restauración de automóviles
39,Lavado de autos donde el pato,Maipú,4.9,11,9 3513 9097,Cam. A Rinconada 4070,,Servicio de lavado de coches
40,GARAGE 1279 | Wrap - Detailing & PPF CENTER,Vitacura,4.8,64,9 4550 5013,Monseñor Edwards 1279,,Servicio de lavado de coches
41,Las Palmeras,Cerro Navia,4.8,41,9 4802 8574,Av. José Joaquín Pérez 6768,,Servicio de lavado de coches
42,Servicio Automotriz Luchito,San Bernardo,4.8,31,,Av. Colón Nte. 0140,,Servicio de lavado de coches
43,Bravo Cars & Wash,Peñalolén,4.8,18,9 6385 7085,Av. Departamental 5192,bravocarwash_,Servicio de lavado de coches
44,Lavado de autos san luis,Colina,4.8,6,9 5033 8208,C. Jon San Luis,,Servicio de lavado de coches
45,Autodetailing San Miguel,San Miguel,4.7,37,,,,Taller de reparación de automóviles
46,ProWash Gran Avenida,San Miguel,4.6,160,,,,Servicio de lavado de coches
47,Guillecar,La Granja,4.6,52,9 7141 0431,San Martín 105,,Servicio de lavado de coches
48,"Vipcar SPA, Servicio Autorizado, Calidad para usted",San Ramón,4.6,13,9 7214 0826,Angamos 7565,,Taller de automóviles
49,Limpieza de Tapiz de Autos a Domicilio,Colina,4.5,55,9 8550 0549,Av. Independencia 1181,,Servicio de lavado de coches
50,Lavado AUTOMOTRIZ Pudahuel rápidos y lujosos,Pudahuel,4.5,17,9 6459 1133,El Lazo 8662,,Servicio de lavado de coches
51,Servicio de lavado de autos Roma,Cerrillos,4.5,4,,4922582 Santiago,,Servicio de lavado de coches
52,Lavado de autos El Cafetero 2,Santiago Centro,4.4,121,9 9065 4600,San Isidro 827,,Servicio de lavado de coches
53,VERY CLEAN,Santiago Centro,4.4,7,9 3871 2769,Av. Sta. Rosa 1879,,Servicio de lavado de coches
54,Car Wash Maniac,La Granja,4.4,5,9 4885 5662,Viña del Mar 438,,Servicio de lavado de coches
55,"Lookin' GOOD Lavado de Autos, Local 1",Maipú,4.3,26,9 5276 2642,Av. Segunda Transversal 3515,,Servicio de lavado de coches
56,Lavado de Autos “La Morenita”,Puente Alto,4.3,18,,,,Servicio de lavado de coches
57,Danri Car Wash,San Joaquín,4.3,7,9 6759 7926,Álvarez de Toledo 441,danricarwash,Servicio de lavado de coches
58,EntreTuercas,El Bosque,4.3,7,(2) 2458 5184,Av. Observatorio 1405,,Servicio de lavado de coches
59,"Lavadero de autos ""La gran familia""",Independencia,4.3,6,,Las Enredaderas 2591,,Servicio de lavado de coches
60,"Lavado de Autos ""La Copa""",La Granja,4.3,3,9 9131 1471,Yungay 543,,Servicio de lavado de coches
61,Meléndez Lavado Automotriz,Lo Barnechea,4.2,5,,Av. Los Pajaritos 3932,,Servicio de lavado de coches
62,"Lavado de Autos ""Fabián & Camila""",La Granja,4.2,5,9 8743 0240,Yungay 0579,,Servicio de lavado de coches
63,Donde Camilo II,Macul,4.1,98,9 9533 5108,Av. Rodrigo de Araya 2781,,Servicio de lavado de coches
64,Auto lavados Lucho,Puente Alto,4.1,34,9 7743 2866,Independencia 45,,Servicio de lavado de coches
65,"Lavacar ""Rio""",Santiago Centro,4.1,31,,Av. Mapocho 2392,,Servicio de lavado de coches
66,Lavado Tapiz de Autos a Domicilio,Macul,4.1,18,9 3574 7971,Gabriela Mistral 6105,,Servicio de lavado de coches
67,eco wash móvil,La Granja,4.0,2,,"José Santos González Vera 507, 539",,Servicio de lavado de coches
68,car wash at home,El Bosque,3.9,12,9 4562 3083,Cerrado temporalmente,,Servicio de lavado de coches
69,Car.care sa,La Reina,3.8,37,(2) 2279 0032,,,Servicio de lavado de coches
70,"Centro de Lavado Integral, Cafe Tacoha",Quinta Normal,3.7,22,,Alberto Edwards 4239,,Servicio de lavado de coches
71,Full Wash Car Spa,La Cisterna,3.7,22,(2) 2409 2248,"La Cisterna, Trinidad Ramírez 24",,Servicio de lavado de coches
72,Autolavados fura,San Bernardo,3.7,12,9 6573 2464,Freire 280,,Servicio de lavado de coches
73,Lavado de Vehículos Y Tapiz a Domicilio,Buin,3.7,9,9 5297 2437,A domicilio,,Servicio de lavado de coches
74,Lavado autos rosa negra,San Miguel,3.7,3,9 8243 1713,Av. Carlos Valdovinos 1216,,Servicio de lavado de coches
75,Servilobos,Providencia,3.6,85,9 3442 5290,,taller_servilobos,Servicio de lavado de coches
76,"LIMPIACAR LTDA. Limpieza Tapiz, Lavado Tapiz, Detailing Interior a Domicilio",Providencia,3.6,5,9 4342 9312,Cerrado,,Servicio de limpieza de automóviles
77,Lava2ya,Maipú,3.0,3,9 4017 5787,No Pública 0 Maipú,,Servicio de lavado de coches
78,gallos limpieza automotriz,Pudahuel,3.0,2,9 7904 3366,San Francisco 8995,,Servicio de lavado de coches
79,Rangers Lavado Automotriz,Recoleta,3.0,2,,Tabaré 641,,Servicio de lavado de coches
80,Two Bears,Talagante,3.0,2,,Pje. González Vera 1045,,Servicio de lavado de coches
